{"friction": 8.512755102040814e-07, "mass": 4.5e+20, "radius": 60000000.0, "G": 6.674e-11, "gravity": 8.342499999999998e-06}
{"friction": 0.027177878082549966, "mass": 1.8999999999999998e+27, "radius": 690000000.0, "G": 6.674e-11, "gravity": 0.2663432052089897}
{"friction": 0.027177878082549966, "mass": 1.8999999999999998e+27, "radius": 690000000.0, "G": 6.674e-11, "gravity": 0.2663432052089897}
{"friction": 0.027177878082549966, "mass": 1.8999999999999998e+27, "radius": 690000000.0, "G": 6.674e-11, "gravity": 0.2663432052089897}
{"friction": 0.027177878082549966, "mass": 1.8999999999999998e+27, "radius": 690000000.0, "G": 6.674e-11, "gravity": 0.2663432052089897}
{"friction": 0.027177878082549966, "mass": 1.8999999999999998e+27, "radius": 690000000.0, "G": 6.674e-11, "gravity": 0.2663432052089897}
{"friction": 0.027177878082549966, "mass": 1.8999999999999998e+27, "radius": 690000000.0, "G": 6.674e-11, "gravity": 0.2663432052089897}
{"friction": 0.027177878082549966, "mass": 1.8999999999999998e+27, "radius": 690000000.0, "G": 6.674e-11, "gravity": 0.2663432052089897}
