{"friction": 3.268897959183673, "mass": 1.2e+23, "radius": 500000.0, "G": 6.674e-11, "gravity": 32.035199999999996}
{"friction": 0.0012769132653061225, "mass": 3.0000000000000005e+25, "radius": 400000000.0, "G": 6.674e-11, "gravity": 0.012513750000000002}
{"friction": 1.655257936507936e-11, "mass": 1.4e+27, "radius": 24000000000000.0, "G": 6.674e-11, "gravity": 1.6221527777777773e-10}
